,InstituteId,InstituteName,Institution,CourseName,Course,Location,City,BranchCode,1G,1K,1R,2AG,2AK,2AR,2BG,2BK,2BR,3AG,3AK,3AR,3BG,3BK,3BR,GM,GMK,GMR,SCG,SCK,SCR,STG,STK,STR,AvgCutoffRank,Category-1_min,Category-1_max,Category-2A_min,Category-2A_max,Category-2B_min,Category-2B_max,Category-3A_min,Category-3A_max,Category-3B_min,Category-3B_max,Category-GM_min,Category-GM_max,Category-SC_min,Category-SC_max,Category-ST_min,Category-ST_max
686,E112,Sri Krishna Institute of Technology  Bangalore,Sri Krishna Institute of Technology  Bangalore [E112],Civil Engineering,Civil Engineering [CE],"Chikkabanavara, Bengaluru",Bengaluru,CE,0,0,0,0,0,0,0,0,0,0,0,0,0,0,0,0,0,0,0,0,0,0,0,0,0,0,0,0,0,0,0,0,0,0,0,0,0,0,0,0,0
1029,E174,"Dr. Sri. Sri. Sri. Shivakumara Mahaswamyji College of Engineering  Bangalore Rural -Dist,","Dr. Sri. Sri. Sri. Shivakumara Mahaswamyji College of Engineering  Bangalore Rural -Dist, [E174]",Civil Engineering,Civil Engineering [CE],"Kammasandra, Bengaluru Rural",Bengaluru Rural,CE,0,0,0,0,0,0,0,0,0,0,0,0,0,0,0,0,0,0,0,0,0,0,0,0,0,0,0,0,0,0,0,0,0,0,0,0,0,0,0,0,0
1034,E174,"Dr. Sri. Sri. Sri. Shivakumara Mahaswamyji College of Engineering  Bangalore Rural -Dist,","Dr. Sri. Sri. Sri. Shivakumara Mahaswamyji College of Engineering  Bangalore Rural -Dist, [E174]",Mechanical Engineering,Mechanical Engineering [ME],"Kammasandra, Bengaluru Rural",Bengaluru Rural,ME,0,0,0,0,0,0,0,0,0,0,0,0,0,0,0,0,0,0,0,0,0,0,0,0,0,0,0,0,0,0,0,0,0,0,0,0,0,0,0,0,0
1037,E175,S.G.Balekundri Institute of Technology  Belgaum,S.G.Balekundri Institute of Technology  Belgaum [E175],Civil Engineering,Civil Engineering [CE],Belgaum,Belgaum,CE,0,0,0,0,0,0,0,0,0,0,0,0,0,0,0,0,0,0,0,0,0,0,0,0,0,0,0,0,0,0,0,0,0,0,0,0,0,0,0,0,0
1366,E260,Nitte School of Architecture  YELAHANKA BANGALORE,Nitte School of Architecture  YELAHANKA BANGALORE [E260],DESIGN,DESIGN [DG],"Yelahanka,Bengaluru",Bengaluru,DG,0,0,0,0,0,0,0,0,0,0,0,0,0,0,0,0,0,0,0,0,0,0,0,0,0,0,0,0,0,0,0,0,0,0,0,0,0,0,0,0,0
1369,E264,"Basava Engineering School of Technology  Zalaki, Vijaypura Dist.","Basava Engineering School of Technology  Zalaki, Vijaypura Dist. [E264]",Civil Engineering,Civil Engineering [CE],"Zalaki, Bijapur",Bijapur,CE,0,0,0,0,0,0,0,0,0,0,0,0,0,0,0,0,0,0,0,0,0,0,0,0,0,0,0,0,0,0,0,0,0,0,0,0,0,0,0,0,0
379,E059,P D A College of Engineering  Gulbarga,P D A College of Engineering  Gulbarga [E059],Industrial and Production Engineering,Industrial and Production Engineering [IP],"Shambhognlli, Gulbarga",Gulbarga,IP,0,0,0,0,0,0,0,0,0,0,0,0,0,0,0,0,0,0,0,0,0,0,0,0,0,0,0,0,0,0,0,0,0,0,0,0,0,0,0,0,0
770,E127,M S Engineering College  Bangalore Urban,M S Engineering College  Bangalore Urban [E127],Civil Engineering,Civil Engineering [CE],"Off Bengaluru International Airport, Bengaluru",Bengaluru,CE,0,0,0,0,0,0,0,0,0,0,0,0,0,0,0,0,0,0,0,0,0,0,0,0,0,0,0,0,0,0,0,0,0,0,0,0,0,0,0,0,0
774,E127,M S Engineering College  Bangalore Urban,M S Engineering College  Bangalore Urban [E127],Mechanical Engineering,Mechanical Engineering [ME],"Off Bengaluru International Airport, Bengaluru",Bengaluru,ME,0,0,0,0,0,0,0,0,0,0,0,0,0,0,0,0,0,0,0,0,0,0,0,0,0,0,0,0,0,0,0,0,0,0,0,0,0,0,0,0,0
814,E134,"Smt. Kamala and Sri Venkappa M.Agadi College of Engg. and Tech.  Laxmeshwara-Tq, Gadag Dt.","Smt. Kamala and Sri Venkappa M.Agadi College of Engg. and Tech.  Laxmeshwara-Tq, Gadag Dt. [E134]",Mechanical Engineering,Mechanical Engineering [ME],"Laxmeshwara, Gadag",Gadag,ME,0,0,0,0,0,0,0,0,0,0,0,0,0,0,0,0,0,0,0,0,0,0,0,0,0,0,0,0,0,0,0,0,0,0,0,0,0,0,0,0,0
816,E135,"K L S Viswanathrao Deshpande Institute of Technology  Haliyal, Uttara Kannada -Dist","K L S Viswanathrao Deshpande Institute of Technology  Haliyal, Uttara Kannada -Dist [E135]",Civil Engineering,Civil Engineering [CE],"Haliyal, Uttara Kannada",Uttara Kannada,CE,0,0,0,0,0,0,0,0,0,0,0,0,0,0,0,0,0,0,0,0,0,0,0,0,0,0,0,0,0,0,0,0,0,0,0,0,0,0,0,0,0
1195,E209,Jyothi Institute of Technology  Bangalore,Jyothi Institute of Technology  Bangalore [E209],Civil Engineering,Civil Engineering [CE],"Thathaguni, Bengaluru",Bengaluru,CE,0,0,0,0,0,0,0,0,0,0,0,0,0,0,0,0,0,0,0,0,0,0,0,0,0,0,0,0,0,0,0,0,0,0,0,0,0,0,0,0,0
1199,E209,Jyothi Institute of Technology  Bangalore,Jyothi Institute of Technology  Bangalore [E209],Mechanical Engineering,Mechanical Engineering [ME],"Thathaguni, Bengaluru",Bengaluru,ME,0,0,0,0,0,0,0,0,0,0,0,0,0,0,0,0,0,0,0,0,0,0,0,0,0,0,0,0,0,0,0,0,0,0,0,0,0,0,0,0,0
1021,E172,"R.R.Institute of Technology  Chikkabanavara, Bangalore","R.R.Institute of Technology  Chikkabanavara, Bangalore [E172]",Mechanical Engineering,Mechanical Engineering [ME],"Chikkabavanara,Bengaluru",Bengaluru,ME,0,0,0,0,0,0,0,0,0,0,0,0,0,0,0,0,0,0,0,0,0,0,0,0,0,0,0,0,0,0,0,0,0,0,0,0,0,0,0,0,0
412,E063,SJM Institute of Techonology  Chitradurga,SJM Institute of Techonology  Chitradurga [E063],Mechanical Engineering,Mechanical Engineering [ME],"Hanumantha Nagara, Chitradurga",Chitradurga,ME,0,0,0,0,0,0,0,0,0,0,0,0,0,0,0,0,0,0,0,0,0,0,0,0,0,0,0,0,0,0,0,0,0,0,0,0,0,0,0,0,0
1378,E269,"Jain College of Engineering and Research  Udyambhag, Belgaum","Jain College of Engineering and Research  Udyambhag, Belgaum [E269]",Civil Engineering,Civil Engineering [CE],"Udyambhag, Belgaum",Belgaum,CE,0,0,0,0,0,0,0,0,0,0,0,0,0,0,0,0,0,0,0,0,0,0,0,0,0,0,0,0,0,0,0,0,0,0,0,0,0,0,0,0,0
1381,E269,"Jain College of Engineering and Research  Udyambhag, Belgaum","Jain College of Engineering and Research  Udyambhag, Belgaum [E269]",Mechanical Engineering,Mechanical Engineering [ME],"Udyambhag, Belgaum",Belgaum,ME,0,0,0,0,0,0,0,0,0,0,0,0,0,0,0,0,0,0,0,0,0,0,0,0,0,0,0,0,0,0,0,0,0,0,0,0,0,0,0,0,0
303,E045,Rao Bahadur Y.Mahabaleswarappa Engineering College  Bellari,Rao Bahadur Y.Mahabaleswarappa Engineering College  Bellari [E045],Mechanical Engineering,Mechanical Engineering [ME],"Cantonment Bellary,Bellary",Bellary,ME,0,0,0,0,0,0,0,0,0,0,0,0,0,0,0,0,0,0,0,0,0,0,0,0,0,0,0,0,0,0,0,0,0,0,0,0,0,0,0,0,0
304,E046,H K Es S L N College of Engineering  Raichur,H K Es S L N College of Engineering  Raichur [E046],Civil Engineering,Civil Engineering [CE],"Yeramarus Camp, Raichur",Raichur,CE,0,0,0,0,0,0,0,0,0,0,0,0,0,0,0,0,0,0,0,0,0,0,0,0,0,0,0,0,0,0,0,0,0,0,0,0,0,0,0,0,0
307,E046,H K Es S L N College of Engineering  Raichur,H K Es S L N College of Engineering  Raichur [E046],Mechanical Engineering,Mechanical Engineering [ME],"Yeramarus Camp, Raichur",Raichur,ME,0,0,0,0,0,0,0,0,0,0,0,0,0,0,0,0,0,0,0,0,0,0,0,0,0,0,0,0,0,0,0,0,0,0,0,0,0,0,0,0,0
802,E132,Secab Institute of Engineering and Technology  Bijapur,Secab Institute of Engineering and Technology  Bijapur [E132],Mechanical Engineering,Mechanical Engineering [ME],Bijapur,Bijapur,ME,0,0,0,0,0,0,0,0,0,0,0,0,0,0,0,0,0,0,0,0,0,0,0,0,0,0,0,0,0,0,0,0,0,0,0,0,0,0,0,0,0
797,E130,Shridevi Institute of Engineering and Technology  Tumkur,Shridevi Institute of Engineering and Technology  Tumkur [E130],Mechanical Engineering,Mechanical Engineering [ME],Tumakuru,Tumakuru,ME,0,0,0,0,0,0,0,0,0,0,0,0,0,0,0,0,0,0,0,0,0,0,0,0,0,0,0,0,0,0,0,0,0,0,0,0,0,0,0,0,0
691,E112,Sri Krishna Institute of Technology  Bangalore,Sri Krishna Institute of Technology  Bangalore [E112],Mechanical Engineering,Mechanical Engineering [ME],"Chikkabanavara, Bengaluru",Bengaluru,ME,0,0,0,0,0,0,0,0,0,0,0,0,0,0,0,0,0,0,0,0,0,0,0,0,0,0,0,0,0,0,0,0,0,0,0,0,0,0,0,0,0
699,E113,Sambhram Institute of Technology  Bangalore,Sambhram Institute of Technology  Bangalore [E113],Mechanical Engineering,Mechanical Engineering [ME],"Jalahalli East, Bengaluru",Bengaluru,ME,0,0,0,0,0,0,0,0,0,0,0,0,0,0,0,0,0,0,0,0,0,0,0,0,0,0,0,0,0,0,0,0,0,0,0,0,0,0,0,0,0
1228,E213,Lingarajappa Engineering College  Bidar,Lingarajappa Engineering College  Bidar [E213],Mechanical Engineering,Mechanical Engineering [ME],Bidar,Bidar,ME,0,0,0,0,0,0,0,0,0,0,0,0,0,0,0,0,0,0,0,0,0,0,0,0,0,0,0,0,0,0,0,0,0,0,0,0,0,0,0,0,0
1230,E216,Shetty Institute of Technology  Gulbarga,Shetty Institute of Technology  Gulbarga [E216],Civil Engineering,Civil Engineering [CE],Gulbarga,Gulbarga,CE,0,0,0,0,0,0,0,0,0,0,0,0,0,0,0,0,0,0,0,0,0,0,0,0,0,0,0,0,0,0,0,0,0,0,0,0,0,0,0,0,0
1124,E196,"Jain College of Engineering  Machche,Belgaum","Jain College of Engineering  Machche,Belgaum [E196]",Civil Engineering,Civil Engineering [CE],Belgaum,Belgaum,CE,0,0,0,0,0,0,0,0,0,0,0,0,0,0,0,0,0,0,0,0,0,0,0,0,0,0,0,0,0,0,0,0,0,0,0,0,0,0,0,0,0
1129,E197,Veerappa Nisty Engineering College  Yadigir Dist,Veerappa Nisty Engineering College  Yadigir Dist [E197],Civil Engineering,Civil Engineering [CE],Yadagiri,Yadagiri,CE,0,0,0,0,0,0,0,0,0,0,0,0,0,0,0,0,0,0,0,0,0,0,0,0,0,0,0,0,0,0,0,0,0,0,0,0,0,0,0,0,0
1132,E197,Veerappa Nisty Engineering College  Yadigir Dist,Veerappa Nisty Engineering College  Yadigir Dist [E197],Electrical And Electronics Engineering,Electrical And Electronics Engineering [EE],Yadagiri,Yadagiri,EE,0,0,0,0,0,0,0,0,0,0,0,0,0,0,0,0,0,0,0,0,0,0,0,0,0,0,0,0,0,0,0,0,0,0,0,0,0,0,0,0,0
1133,E197,Veerappa Nisty Engineering College  Yadigir Dist,Veerappa Nisty Engineering College  Yadigir Dist [E197],Mechanical Engineering,Mechanical Engineering [ME],Yadagiri,Yadagiri,ME,0,0,0,0,0,0,0,0,0,0,0,0,0,0,0,0,0,0,0,0,0,0,0,0,0,0,0,0,0,0,0,0,0,0,0,0,0,0,0,0,0
1145,E199,"AGM Rural Engineering College  Hubli, Darward (D)","AGM Rural Engineering College  Hubli, Darward (D) [E199]",Mechanical Engineering,Mechanical Engineering [ME],Hubli,Hubli,ME,0,0,0,0,0,0,0,0,0,0,0,0,0,0,0,0,0,0,0,0,0,0,0,0,0,0,0,0,0,0,0,0,0,0,0,0,0,0,0,0,0
1244,E221,"Biluru Gurubasava Mahaswamiji Institute of Technology  Mudhol,Bagalkot- Dist","Biluru Gurubasava Mahaswamiji Institute of Technology  Mudhol,Bagalkot- Dist [E221]",Mechanical Engineering,Mechanical Engineering [ME],"Mudhol,Bagalkot",Bagalkot,ME,0,0,0,0,0,0,0,0,0,0,0,0,0,0,0,0,0,0,0,0,0,0,0,0,0,0,0,0,0,0,0,0,0,0,0,0,0,0,0,0,0
672,E109,City Engineering College  Bangalore,City Engineering College  Bangalore [E109],Civil Engineering,Civil Engineering [CE],"Doddakallasandra, Bengaluru",Bengaluru,CE,0,0,0,0,0,0,0,0,0,0,0,0,0,0,0,0,0,0,0,0,0,0,0,0,0,0,0,0,0,0,0,0,0,0,0,0,0,0,0,0,0
676,E109,City Engineering College  Bangalore,City Engineering College  Bangalore [E109],Mechanical Engineering,Mechanical Engineering [ME],"Doddakallasandra, Bengaluru",Bengaluru,ME,0,0,0,0,0,0,0,0,0,0,0,0,0,0,0,0,0,0,0,0,0,0,0,0,0,0,0,0,0,0,0,0,0,0,0,0,0,0,0,0,0
1211,E211,"Jain Institute of Technology  Cross,Davanagere","Jain Institute of Technology  Cross,Davanagere [E211]",Mechanical Engineering,Mechanical Engineering [ME],Davanagere,Davanagere,ME,0,0,0,0,0,0,0,0,0,0,0,0,0,0,0,0,0,0,0,0,0,0,0,0,0,0,0,0,0,0,0,0,0,0,0,0,0,0,0,0,0
896,E150,P E S Institute of Technology and Management  Shivamogga,P E S Institute of Technology and Management  Shivamogga [E150],Mechanical Engineering,Mechanical Engineering [ME],Shivamogga,Shivamogga,ME,0,0,0,0,0,0,0,0,0,0,0,0,0,0,0,0,0,0,0,0,0,0,0,0,0,0,0,0,0,0,0,0,0,0,0,0,0,0,0,0,0
1059,E180,Bearys Institute of Technology  Mangalore,Bearys Institute of Technology  Mangalore [E180],Civil Engineering,Civil Engineering [CE],"Mangalore, Dakshina Kannada",Dakshina Kannada,CE,0,0,0,0,0,0,0,0,0,0,0,0,0,0,0,0,0,0,0,0,0,0,0,0,0,0,0,0,0,0,0,0,0,0,0,0,0,0,0,0,0
822,E136,Moodalakatte Institute of Technology  Udupi District,Moodalakatte Institute of Technology  Udupi District [E136],Civil Engineering,Civil Engineering [CE],Udupi,Udupi,CE,0,0,0,0,0,0,0,0,0,0,0,0,0,0,0,0,0,0,0,0,0,0,0,0,0,0,0,0,0,0,0,0,0,0,0,0,0,0,0,0,0
420,E064,Adhichunchanagiri Institute of Technology  Chickmagalur,Adhichunchanagiri Institute of Technology  Chickmagalur [E064],Mechanical Engineering,Mechanical Engineering [ME],"Jyothi nagara, Chikkamagaluru",Chikkamagaluru,ME,0,0,0,0,0,0,0,0,0,0,0,0,0,0,0,0,0,0,0,0,0,0,0,0,0,0,0,0,0,0,0,0,0,0,0,0,0,0,0,0,0
429,E065,Jawaharlal Nehru National College of Engineering  Shimoga,Jawaharlal Nehru National College of Engineering  Shimoga [E065],Mechanical Engineering,Mechanical Engineering [ME],"Navule, Shivamogga",Shivamogga,ME,0,0,0,0,0,0,0,0,0,0,0,0,0,0,0,0,0,0,0,0,0,0,0,0,0,0,0,0,0,0,0,0,0,0,0,0,0,0,0,0,0
432,E070,"Bahubali College of Engineering  Hassan Dist,","Bahubali College of Engineering  Hassan Dist, [E070]",Civil Engineering,Civil Engineering [CE],"Gommatanagar,Hassan",Hassan,CE,0,0,0,0,0,0,0,0,0,0,0,0,0,0,0,0,0,0,0,0,0,0,0,0,0,0,0,0,0,0,0,0,0,0,0,0,0,0,0,0,0
436,E070,"Bahubali College of Engineering  Hassan Dist,","Bahubali College of Engineering  Hassan Dist, [E070]",Mechanical Engineering,Mechanical Engineering [ME],"Gommatanagar,Hassan",Hassan,ME,0,0,0,0,0,0,0,0,0,0,0,0,0,0,0,0,0,0,0,0,0,0,0,0,0,0,0,0,0,0,0,0,0,0,0,0,0,0,0,0,0
272,E041,P D A College of Engineering  Gulbarga,P D A College of Engineering  Gulbarga [E041],Industrial and Production Engineering,Industrial and Production Engineering [IP],"Shambhognlli, Gulbarga",Gulbarga,IP,0,0,0,0,0,0,0,0,0,0,0,0,0,0,0,0,0,0,0,0,0,0,0,0,0,0,0,0,0,0,0,0,0,0,0,0,0,0,0,0,0
287,E043,Gurunanak Dev Engineering College  Bidar,Gurunanak Dev Engineering College  Bidar [E043],Mechanical Engineering,Mechanical Engineering [ME],"Mailoor, Bidar",Bidar,ME,0,0,0,0,0,0,0,0,0,0,0,0,0,0,0,0,0,0,0,0,0,0,0,0,0,0,0,0,0,0,0,0,0,0,0,0,0,0,0,0,0
1371,E264,"Basava Engineering School of Technology  Zalaki, Vijaypura Dist.","Basava Engineering School of Technology  Zalaki, Vijaypura Dist. [E264]",Mechanical Engineering,Mechanical Engineering [ME],"Zalaki, Bijapur",Bijapur,ME,0,0,0,0,0,0,0,0,0,0,0,0,0,0,0,0,0,0,0,0,0,0,0,0,0,0,0,0,0,0,0,0,0,0,0,0,0,0,0,0,0
1376,E265,Jain College of Engineering and Technology  Hubballi,Jain College of Engineering and Technology  Hubballi [E265],Mechanical Engineering,Mechanical Engineering [ME],Hubli,Hubli,ME,0,0,0,0,0,0,0,0,0,0,0,0,0,0,0,0,0,0,0,0,0,0,0,0,0,0,0,0,0,0,0,0,0,0,0,0,0,0,0,0,0
1015,E171,"Brindavan College of Engineering  Yelahanka, Bangalore","Brindavan College of Engineering  Yelahanka, Bangalore [E171]",Mechanical Engineering,Mechanical Engineering [ME],"Yelahanka,Bengaluru",Bengaluru,ME,0,0,0,0,0,0,0,0,0,0,0,0,0,0,0,0,0,0,0,0,0,0,0,0,0,0,0,0,0,0,0,0,0,0,0,0,0,0,0,0,0
268,E040,"Hira Sugar Institute of Technology  Belagavi District,","Hira Sugar Institute of Technology  Belagavi District, [E040]",Mechanical Engineering,Mechanical Engineering [ME],"Nidasoshi, Belgaum",Belgaum,ME,0,0,0,0,0,0,0,0,0,0,0,0,0,0,0,0,0,0,0,0,0,0,0,0,0,0,0,0,0,0,0,0,0,0,0,0,0,0,0,0,0
457,E076,"Proudadevaraya Institute of Technology  Indiranagar Hospet, Ballari DT","Proudadevaraya Institute of Technology  Indiranagar Hospet, Ballari DT [E076]",Mechanical Engineering,Mechanical Engineering [ME],"Hosapete, Bellary",Bellary,ME,0,0,0,0,0,0,0,0,0,0,0,0,0,0,0,0,0,0,0,0,0,0,0,0,0,0,0,0,0,0,0,0,0,0,0,0,0,0,0,0,0
920,E153,S E A College of Engineering and Technology  K R puram bangalore,S E A College of Engineering and Technology  K R puram bangalore [E153],Mechanical Engineering,Mechanical Engineering [ME],"K R puram,Bengaluru",Bengaluru,ME,0,0,0,0,0,0,0,0,0,0,0,0,0,0,0,0,0,0,0,0,0,0,0,0,0,0,0,0,0,0,0,0,0,0,0,0,0,0,0,0,0
1041,E175,S.G.Balekundri Institute of Technology  Belgaum,S.G.Balekundri Institute of Technology  Belgaum [E175],Mechanical Engineering,Mechanical Engineering [ME],Belgaum,Belgaum,ME,0,0,0,0,0,0,0,0,0,0,0,0,0,0,0,0,0,0,0,0,0,0,0,0,0,0,0,0,0,0,0,0,0,0,0,0,0,0,0,0,0
1042,E176,Navodaya Institute of Technology  Raihcur,Navodaya Institute of Technology  Raihcur [E176],Civil Engineering,Civil Engineering [CE],Raichur,Raichur,CE,0,0,0,0,0,0,0,0,0,0,0,0,0,0,0,0,0,0,0,0,0,0,0,0,0,0,0,0,0,0,0,0,0,0,0,0,0,0,0,0,0
1046,E176,Navodaya Institute of Technology  Raihcur,Navodaya Institute of Technology  Raihcur [E176],Mechanical Engineering,Mechanical Engineering [ME],Raichur,Raichur,ME,0,0,0,0,0,0,0,0,0,0,0,0,0,0,0,0,0,0,0,0,0,0,0,0,0,0,0,0,0,0,0,0,0,0,0,0,0,0,0,0,0
1048,E177,Rajeev Institute of Technology  Hassan,Rajeev Institute of Technology  Hassan [E177],Civil Engineering,Civil Engineering [CE],"Bommanayankanahally, Hassan",Hassan,CE,0,0,0,0,0,0,0,0,0,0,0,0,0,0,0,0,0,0,0,0,0,0,0,0,0,0,0,0,0,0,0,0,0,0,0,0,0,0,0,0,0
1054,E177,Rajeev Institute of Technology  Hassan,Rajeev Institute of Technology  Hassan [E177],Mechanical Engineering,Mechanical Engineering [ME],"Bommanayankanahally, Hassan",Hassan,ME,0,0,0,0,0,0,0,0,0,0,0,0,0,0,0,0,0,0,0,0,0,0,0,0,0,0,0,0,0,0,0,0,0,0,0,0,0,0,0,0,0
948,E158,"Maharaja Institute of Technology-Mysore  Belawadi, Mandya Dist","Maharaja Institute of Technology-Mysore  Belawadi, Mandya Dist [E158]",Mechanical Engineering (Kannada Medium),Mechanical Engineering (Kannada Medium) [MK],"Belawadi, Mandya",Mandya,MK,0,0,0,0,0,0,0,0,0,0,0,0,0,0,0,0,0,0,0,0,0,0,0,0,0,0,0,0,0,0,0,0,0,0,0,0,0,0,0,0,0
954,E159,Karavali Institute of Technology  Mangalore,Karavali Institute of Technology  Mangalore [E159],Mechanical Engineering,Mechanical Engineering [ME],"Mangalore, Dakshina Kannada",Dakshina Kannada,ME,0,0,0,0,0,0,0,0,0,0,0,0,0,0,0,0,0,0,0,0,0,0,0,0,0,0,0,0,0,0,0,0,0,0,0,0,0,0,0,0,0
121,E013,Ghousia Engineering College  Ramanagara,Ghousia Engineering College  Ramanagara [E013],Civil Engineering,Civil Engineering [CE],"Vijaya Nagar, Ramanagara",Ramanagara,CE,0,0,0,0,0,0,0,0,0,0,0,0,0,0,0,0,0,0,0,0,0,0,0,0,0,0,0,0,0,0,0,0,0,0,0,0,0,0,0,0,0
127,E013,Ghousia Engineering College  Ramanagara,Ghousia Engineering College  Ramanagara [E013],Mechanical Engineering,Mechanical Engineering [ME],"Vijaya Nagar, Ramanagara",Ramanagara,ME,0,0,0,0,0,0,0,0,0,0,0,0,0,0,0,0,0,0,0,0,0,0,0,0,0,0,0,0,0,0,0,0,0,0,0,0,0,0,0,0,0
133,E014,S J C Institute of Technology  Chickballapur,S J C Institute of Technology  Chickballapur [E014],Civil Engineering (Kannada Medium),Civil Engineering (Kannada Medium) [CK],"BB Rd, Chikkaballapur",Chikkaballapur,CK,0,0,0,0,0,0,0,0,0,0,0,0,0,0,0,0,0,0,0,0,0,0,0,0,0,0,0,0,0,0,0,0,0,0,0,0,0,0,0,0,0
1227,E213,Lingarajappa Engineering College  Bidar,Lingarajappa Engineering College  Bidar [E213],Electrical And Electronics Engineering,Electrical And Electronics Engineering [EE],Bidar,Bidar,EE,0,0,0,0,0,0,0,0,0,0,0,0,0,0,0,0,0,0,0,0,0,0,0,0,0,0,0,0,0,0,0,0,0,0,0,0,0,0,0,0,0
998,E168,"Amrutha Institute of Engineering and Mangement  Bidadi Indust. Estate,Ban'lore","Amrutha Institute of Engineering and Mangement  Bidadi Indust. Estate,Ban'lore [E168]",Mechanical Engineering,Mechanical Engineering [ME],"Bidadi,Bengaluru",Bengaluru,ME,0,0,0,0,0,0,0,0,0,0,0,0,0,0,0,0,0,0,0,0,0,0,0,0,0,0,0,0,0,0,0,0,0,0,0,0,0,0,0,0,0
1001,E169,"Alva`s Institute of Engineering and Technology  Moodabidri,","Alva`s Institute of Engineering and Technology  Moodabidri, [E169]",Civil Engineering,Civil Engineering [CE],"Moodabidri, Dakshina Kannada",Dakshina Kannada,CE,0,0,0,0,0,0,0,0,0,0,0,0,0,0,0,0,0,0,0,0,0,0,0,0,0,0,0,0,0,0,0,0,0,0,0,0,0,0,0,0,0
1008,E169,"Alva`s Institute of Engineering and Technology  Moodabidri,","Alva`s Institute of Engineering and Technology  Moodabidri, [E169]",Mechanical Engineering,Mechanical Engineering [ME],"Moodabidri, Dakshina Kannada",Dakshina Kannada,ME,0,0,0,0,0,0,0,0,0,0,0,0,0,0,0,0,0,0,0,0,0,0,0,0,0,0,0,0,0,0,0,0,0,0,0,0,0,0,0,0,0
264,E040,"Hira Sugar Institute of Technology  Belagavi District,","Hira Sugar Institute of Technology  Belagavi District, [E040]",Civil Engineering,Civil Engineering [CE],"Nidasoshi, Belgaum",Belgaum,CE,0,0,0,0,0,0,0,0,0,0,0,0,0,0,0,0,0,0,0,0,0,0,0,0,0,0,0,0,0,0,0,0,0,0,0,0,0,0,0,0,0
1391,E273,"Government Engineering College  Viprasainagar, Gangavathi","Government Engineering College  Viprasainagar, Gangavathi [E273]",Mechanical Engineering,Mechanical Engineering [ME],"Viprasainagar, Gangavathi, Koppal",Koppal,ME,0,0,0,0,0,0,0,0,0,0,0,0,0,0,0,0,0,0,0,0,0,0,0,0,0,0,0,0,0,0,0,0,0,0,0,0,0,0,0,0,0
721,E116,R.L.Jalappa Institute of Technology  Bangalore Rural Dist,R.L.Jalappa Institute of Technology  Bangalore Rural Dist [E116],Mechanical Engineering,Mechanical Engineering [ME],"Doddaballapur, Bengaluru Rural",Bengaluru Rural,ME,0,0,0,0,0,0,0,0,0,0,0,0,0,0,0,0,0,0,0,0,0,0,0,0,0,0,0,0,0,0,0,0,0,0,0,0,0,0,0,0,0
600,E100,K N S Institute of Technology  Bangalore,K N S Institute of Technology  Bangalore [E100],Civil Engineering,Civil Engineering [CE],"Uttarahalli Hobli, Bengaluru",Bengaluru,CE,0,0,0,0,0,0,0,0,0,0,0,0,0,0,0,0,0,0,0,0,0,0,0,0,0,0,0,0,0,0,0,0,0,0,0,0,0,0,0,0,0
605,E100,K N S Institute of Technology  Bangalore,K N S Institute of Technology  Bangalore [E100],Mechanical Engineering,Mechanical Engineering [ME],"Uttarahalli Hobli, Bengaluru",Bengaluru,ME,0,0,0,0,0,0,0,0,0,0,0,0,0,0,0,0,0,0,0,0,0,0,0,0,0,0,0,0,0,0,0,0,0,0,0,0,0,0,0,0,0
612,E101,"Channabasaveshwara Institute of Technology  Gubbi, Tumkur","Channabasaveshwara Institute of Technology  Gubbi, Tumkur [E101]",Mechanical Engineering,Mechanical Engineering [ME],"Gubbi, Tumakuru",Tumakuru,ME,0,0,0,0,0,0,0,0,0,0,0,0,0,0,0,0,0,0,0,0,0,0,0,0,0,0,0,0,0,0,0,0,0,0,0,0,0,0,0,0,0
615,E102,DONBOSCO Institute of Technology  Bangalore,DONBOSCO Institute of Technology  Bangalore [E102],Civil Engineering,Civil Engineering [CE],"Kumbalgodu,Bengaluru",Bengaluru,CE,0,0,0,0,0,0,0,0,0,0,0,0,0,0,0,0,0,0,0,0,0,0,0,0,0,0,0,0,0,0,0,0,0,0,0,0,0,0,0,0,0
1164,E203,"K.S. School of Engineering And Management  Mallasandra, Bangalore","K.S. School of Engineering And Management  Mallasandra, Bangalore [E203]",Mechanical Engineering,Mechanical Engineering [ME],"Mallasandra,Bengaluru",Bengaluru,ME,0,0,0,0,0,0,0,0,0,0,0,0,0,0,0,0,0,0,0,0,0,0,0,0,0,0,0,0,0,0,0,0,0,0,0,0,0,0,0,0,0
1166,E204,"Bangalore Technological  Institute  Sarjapura Rd, Bangalore","Bangalore Technological  Institute  Sarjapura Rd, Bangalore [E204]",Civil Engineering,Civil Engineering [CE],"Sarjapura Rd, Bengaluru",Bengaluru,CE,0,0,0,0,0,0,0,0,0,0,0,0,0,0,0,0,0,0,0,0,0,0,0,0,0,0,0,0,0,0,0,0,0,0,0,0,0,0,0,0,0
1170,E204,"Bangalore Technological  Institute  Sarjapura Rd, Bangalore","Bangalore Technological  Institute  Sarjapura Rd, Bangalore [E204]",Mechanical Engineering,Mechanical Engineering [ME],"Sarjapura Rd, Bengaluru",Bengaluru,ME,0,0,0,0,0,0,0,0,0,0,0,0,0,0,0,0,0,0,0,0,0,0,0,0,0,0,0,0,0,0,0,0,0,0,0,0,0,0,0,0,0
1115,E193,"Srinivas University  Mukka, Suratkal, Mangalore","Srinivas University  Mukka, Suratkal, Mangalore [E193]",B TECH IN CIVIL ENGINEERING,B TECH IN CIVIL ENGINEERING [BP],"Mukka, Mangalore, Dakshina Kannada",Dakshina Kannada,BP,0,0,0,0,0,0,0,0,0,0,0,0,0,0,0,0,0,0,0,0,0,0,0,0,0,0,0,0,0,0,0,0,0,0,0,0,0,0,0,0,0
219,E032,R.T.E Socity`s Rural Engineering College  Hulkoti,R.T.E Socity`s Rural Engineering College  Hulkoti [E032],Textile Technology,Textile Technology [TX],"Hulkoti, Gadag",Gadag,TX,0,0,0,0,0,0,0,0,0,0,0,0,0,0,0,0,0,0,0,0,0,0,0,0,0,0,0,0,0,0,0,0,0,0,0,0,0,0,0,0,0
225,E033,Sri Taralabalu Jagadguru Institute of Technology.  Ranebennur,Sri Taralabalu Jagadguru Institute of Technology.  Ranebennur [E033],Mechanical Engineering,Mechanical Engineering [ME],"P.B. Road, Ranebennur, Haveri",Haveri,ME,0,0,0,0,0,0,0,0,0,0,0,0,0,0,0,0,0,0,0,0,0,0,0,0,0,0,0,0,0,0,0,0,0,0,0,0,0,0,0,0,0
235,E035,"Anjuman Engineering College  Bhatkala, Uttar kannada Dist","Anjuman Engineering College  Bhatkala, Uttar kannada Dist [E035]",Civil Engineering,Civil Engineering [CE],"Anjumanabad, Bhatkal, Uttara Kannada",Uttara Kannada,CE,0,0,0,0,0,0,0,0,0,0,0,0,0,0,0,0,0,0,0,0,0,0,0,0,0,0,0,0,0,0,0,0,0,0,0,0,0,0,0,0,0
1062,E180,Bearys Institute of Technology  Mangalore,Bearys Institute of Technology  Mangalore [E180],Mechanical Engineering,Mechanical Engineering [ME],"Mangalore, Dakshina Kannada",Dakshina Kannada,ME,0,0,0,0,0,0,0,0,0,0,0,0,0,0,0,0,0,0,0,0,0,0,0,0,0,0,0,0,0,0,0,0,0,0,0,0,0,0,0,0,0
1063,E181,"Sri Basaveswara Institute of Technology  Tiptur, Tumkur(D)","Sri Basaveswara Institute of Technology  Tiptur, Tumkur(D) [E181]",Civil Engineering,Civil Engineering [CE],"Tiptur, Tumakuru",Tumakuru,CE,0,0,0,0,0,0,0,0,0,0,0,0,0,0,0,0,0,0,0,0,0,0,0,0,0,0,0,0,0,0,0,0,0,0,0,0,0,0,0,0,0
1066,E181,"Sri Basaveswara Institute of Technology  Tiptur, Tumkur(D)","Sri Basaveswara Institute of Technology  Tiptur, Tumkur(D) [E181]",Electrical And Electronics Engineering,Electrical And Electronics Engineering [EE],"Tiptur, Tumakuru",Tumakuru,EE,0,0,0,0,0,0,0,0,0,0,0,0,0,0,0,0,0,0,0,0,0,0,0,0,0,0,0,0,0,0,0,0,0,0,0,0,0,0,0,0,0
1067,E181,"Sri Basaveswara Institute of Technology  Tiptur, Tumkur(D)","Sri Basaveswara Institute of Technology  Tiptur, Tumkur(D) [E181]",Mechanical Engineering,Mechanical Engineering [ME],"Tiptur, Tumakuru",Tumakuru,ME,0,0,0,0,0,0,0,0,0,0,0,0,0,0,0,0,0,0,0,0,0,0,0,0,0,0,0,0,0,0,0,0,0,0,0,0,0,0,0,0,0
1069,E183,Sha-Shib College of Engineering  Chickballapur,Sha-Shib College of Engineering  Chickballapur [E183],Civil Engineering,Civil Engineering [CE],Chikkaballapur,Chikkaballapur,CE,0,0,0,0,0,0,0,0,0,0,0,0,0,0,0,0,0,0,0,0,0,0,0,0,0,0,0,0,0,0,0,0,0,0,0,0,0,0,0,0,0
1072,E183,Sha-Shib College of Engineering  Chickballapur,Sha-Shib College of Engineering  Chickballapur [E183],Mechanical Engineering,Mechanical Engineering [ME],Chikkaballapur,Chikkaballapur,ME,0,0,0,0,0,0,0,0,0,0,0,0,0,0,0,0,0,0,0,0,0,0,0,0,0,0,0,0,0,0,0,0,0,0,0,0,0,0,0,0,0
1078,E184,C Byre Gowda Institute of Technology  Kolar,C Byre Gowda Institute of Technology  Kolar [E184],Mechanical Engineering,Mechanical Engineering [ME],Kolar,Kolar,ME,0,0,0,0,0,0,0,0,0,0,0,0,0,0,0,0,0,0,0,0,0,0,0,0,0,0,0,0,0,0,0,0,0,0,0,0,0,0,0,0,0
1080,E185,Angadi Institute of Technology and Management  Belgaum,Angadi Institute of Technology and Management  Belgaum [E185],Civil Engineering,Civil Engineering [CE],Belgaum,Belgaum,CE,0,0,0,0,0,0,0,0,0,0,0,0,0,0,0,0,0,0,0,0,0,0,0,0,0,0,0,0,0,0,0,0,0,0,0,0,0,0,0,0,0
240,E035,"Anjuman Engineering College  Bhatkala, Uttar kannada Dist","Anjuman Engineering College  Bhatkala, Uttar kannada Dist [E035]",Mechanical Engineering,Mechanical Engineering [ME],"Anjumanabad, Bhatkal, Uttara Kannada",Uttara Kannada,ME,0,0,0,0,0,0,0,0,0,0,0,0,0,0,0,0,0,0,0,0,0,0,0,0,0,0,0,0,0,0,0,0,0,0,0,0,0,0,0,0,0
854,E144,Srinivas Institute of Technology  Mangalore.,Srinivas Institute of Technology  Mangalore. [E144],Mechanical Engineering,Mechanical Engineering [ME],"Mangalore, Dakshina Kannada",Dakshina Kannada,ME,0,0,0,0,0,0,0,0,0,0,0,0,0,0,0,0,0,0,0,0,0,0,0,0,0,0,0,0,0,0,0,0,0,0,0,0,0,0,0,0,0
1224,E213,Lingarajappa Engineering College  Bidar,Lingarajappa Engineering College  Bidar [E213],Civil Engineering,Civil Engineering [CE],Bidar,Bidar,CE,0,0,0,0,0,0,0,0,0,0,0,0,0,0,0,0,0,0,0,0,0,0,0,0,0,0,0,0,0,0,0,0,0,0,0,0,0,0,0,0,0
558,E094,Coorg Institute of Technology  Kodagu,Coorg Institute of Technology  Kodagu [E094],Mechanical Engineering,Mechanical Engineering [ME],"Ponnampet,Kodagu",Kodagu,ME,0,0,0,0,0,0,0,0,0,0,0,0,0,0,0,0,0,0,0,0,0,0,0,0,0,0,0,0,0,0,0,0,0,0,0,0,0,0,0,0,0
742,E121,Vivekananada College of Engineering Technology  D K DIST,Vivekananada College of Engineering Technology  D K DIST [E121],Civil Engineering,Civil Engineering [CE],Dakshina Kannada,Dakshina Kannada,CE,0,0,0,0,0,0,0,0,0,0,0,0,0,0,0,0,0,0,0,0,0,0,0,0,0,0,0,0,0,0,0,0,0,0,0,0,0,0,0,0,0
489,E081,H M S Institute of Technology  Tumkur,H M S Institute of Technology  Tumkur [E081],Mechanical Engineering,Mechanical Engineering [ME],"Kyathasandra,Tumakuru",Tumakuru,ME,0,0,0,0,0,0,0,0,0,0,0,0,0,0,0,0,0,0,0,0,0,0,0,0,0,0,0,0,0,0,0,0,0,0,0,0,0,0,0,0,0
504,E085,"APS College of Engineering  Somanahalli, Bangalore","APS College of Engineering  Somanahalli, Bangalore [E085]",Civil Engineering,Civil Engineering [CE],Bengaluru,Bengaluru,CE,0,0,0,0,0,0,0,0,0,0,0,0,0,0,0,0,0,0,0,0,0,0,0,0,0,0,0,0,0,0,0,0,0,0,0,0,0,0,0,0,0
1010,E171,"Brindavan College of Engineering  Yelahanka, Bangalore","Brindavan College of Engineering  Yelahanka, Bangalore [E171]",Civil Engineering,Civil Engineering [CE],"Yelahanka,Bengaluru",Bengaluru,CE,0,0,0,0,0,0,0,0,0,0,0,0,0,0,0,0,0,0,0,0,0,0,0,0,0,0,0,0,0,0,0,0,0,0,0,0,0,0,0,0,0
1336,E252,Mysore College of Engineering and Management  Mysore,Mysore College of Engineering and Management  Mysore [E252],Mechanical Engineering,Mechanical Engineering [ME],Mysore,Mysore,ME,0,0,0,0,0,0,0,0,0,0,0,0,0,0,0,0,0,0,0,0,0,0,0,0,0,0,0,0,0,0,0,0,0,0,0,0,0,0,0,0,0
215,E032,R.T.E Socity`s Rural Engineering College  Hulkoti,R.T.E Socity`s Rural Engineering College  Hulkoti [E032],Civil Engineering,Civil Engineering [CE],"Hulkoti, Gadag",Gadag,CE,0,0,0,0,0,0,0,0,0,0,0,0,0,0,0,0,0,0,0,0,0,0,0,0,0,0,0,0,0,0,0,0,0,0,0,0,0,0,0,0,0
218,E032,R.T.E Socity`s Rural Engineering College  Hulkoti,R.T.E Socity`s Rural Engineering College  Hulkoti [E032],Mechanical Engineering,Mechanical Engineering [ME],"Hulkoti, Gadag",Gadag,ME,0,0,0,0,0,0,0,0,0,0,0,0,0,0,0,0,0,0,0,0,0,0,0,0,0,0,0,0,0,0,0,0,0,0,0,0,0,0,0,0,0
868,E146,"Shreedevi Institute of Technology  Kenjar, Mangalore","Shreedevi Institute of Technology  Kenjar, Mangalore [E146]",Civil Engineering,Civil Engineering [CE],"Kenjar, Mangalore, Dakshina Kannada",Dakshina Kannada,CE,0,0,0,0,0,0,0,0,0,0,0,0,0,0,0,0,0,0,0,0,0,0,0,0,0,0,0,0,0,0,0,0,0,0,0,0,0,0,0,0,0
872,E146,"Shreedevi Institute of Technology  Kenjar, Mangalore","Shreedevi Institute of Technology  Kenjar, Mangalore [E146]",Mechanical Engineering,Mechanical Engineering [ME],"Kenjar, Mangalore, Dakshina Kannada",Dakshina Kannada,ME,0,0,0,0,0,0,0,0,0,0,0,0,0,0,0,0,0,0,0,0,0,0,0,0,0,0,0,0,0,0,0,0,0,0,0,0,0,0,0,0,0
1097,E188,Vijaya Vittala Institute of Technology  Bangalore,Vijaya Vittala Institute of Technology  Bangalore [E188],Civil Engineering,Civil Engineering [CE],"Kothanur, Bengaluru",Bengaluru,CE,0,0,0,0,0,0,0,0,0,0,0,0,0,0,0,0,0,0,0,0,0,0,0,0,0,0,0,0,0,0,0,0,0,0,0,0,0,0,0,0,0
1100,E188,Vijaya Vittala Institute of Technology  Bangalore,Vijaya Vittala Institute of Technology  Bangalore [E188],Mechanical Engineering,Mechanical Engineering [ME],"Kothanur, Bengaluru",Bengaluru,ME,0,0,0,0,0,0,0,0,0,0,0,0,0,0,0,0,0,0,0,0,0,0,0,0,0,0,0,0,0,0,0,0,0,0,0,0,0,0,0,0,0
546,E093,"Basavakalyana Engineering College  Basavakalyana, Bidar-Dist","Basavakalyana Engineering College  Basavakalyana, Bidar-Dist [E093]",Civil Engineering,Civil Engineering [CE],"Basavakalyana, Bidar",Bidar,CE,0,0,0,0,0,0,0,0,0,0,0,0,0,0,0,0,0,0,0,0,0,0,0,0,0,0,0,0,0,0,0,0,0,0,0,0,0,0,0,0,0
549,E093,"Basavakalyana Engineering College  Basavakalyana, Bidar-Dist","Basavakalyana Engineering College  Basavakalyana, Bidar-Dist [E093]",Electronics and Computer Engineering,Electronics and Computer Engineering [ES],"Basavakalyana, Bidar",Bidar,ES,0,0,0,0,0,0,0,0,0,0,0,0,0,0,0,0,0,0,0,0,0,0,0,0,0,0,0,0,0,0,0,0,0,0,0,0,0,0,0,0,0
1306,E238,Mysuru Royal Institute of Technology  Mandya (D),Mysuru Royal Institute of Technology  Mandya (D) [E238],Mechanical Engineering,Mechanical Engineering [ME],Mandya,Mandya,ME,0,0,0,0,0,0,0,0,0,0,0,0,0,0,0,0,0,0,0,0,0,0,0,0,0,0,0,0,0,0,0,0,0,0,0,0,0,0,0,0,0
753,E123,Canara Engineering College Bantwal  DK DIST,Canara Engineering College Bantwal  DK DIST [E123],Mechanical Engineering,Mechanical Engineering [ME],"Bantwal,Dakshina Kannada",Dakshina Kannada,ME,0,0,0,0,0,0,0,0,0,0,0,0,0,0,0,0,0,0,0,0,0,0,0,0,0,0,0,0,0,0,0,0,0,0,0,0,0,0,0,0,0
755,E124,"Rajiv Gandhi Institute of Technology  R.T Nagar Post, Bangalore","Rajiv Gandhi Institute of Technology  R.T Nagar Post, Bangalore [E124]",Civil Engineering,Civil Engineering [CE],"R.T Nagar Post, Bengaluru",Bengaluru,CE,0,0,0,0,0,0,0,0,0,0,0,0,0,0,0,0,0,0,0,0,0,0,0,0,0,0,0,0,0,0,0,0,0,0,0,0,0,0,0,0,0
759,E124,"Rajiv Gandhi Institute of Technology  R.T Nagar Post, Bangalore","Rajiv Gandhi Institute of Technology  R.T Nagar Post, Bangalore [E124]",Mechanical Engineering,Mechanical Engineering [ME],"R.T Nagar Post, Bengaluru",Bengaluru,ME,0,0,0,0,0,0,0,0,0,0,0,0,0,0,0,0,0,0,0,0,0,0,0,0,0,0,0,0,0,0,0,0,0,0,0,0,0,0,0,0,0
521,E087,Vivekananada Institute of Technology  Bangalore,Vivekananada Institute of Technology  Bangalore [E087],Mechanical Engineering,Mechanical Engineering [ME],"Kumbalagodu, Bengaluru",Bengaluru,ME,0,0,0,0,0,0,0,0,0,0,0,0,0,0,0,0,0,0,0,0,0,0,0,0,0,0,0,0,0,0,0,0,0,0,0,0,0,0,0,0,0
828,E139,Impact College of Engineering and Applied Sciences  Bangalore,Impact College of Engineering and Applied Sciences  Bangalore [E139],Civil Engineering,Civil Engineering [CE],"Sahakara Nagar, Bengaluru",Bengaluru,CE,0,0,0,0,0,0,0,0,0,0,0,0,0,0,0,0,0,0,0,0,0,0,0,0,0,0,0,0,0,0,0,0,0,0,0,0,0,0,0,0,0
833,E139,Impact College of Engineering and Applied Sciences  Bangalore,Impact College of Engineering and Applied Sciences  Bangalore [E139],Mechanical Engineering,Mechanical Engineering [ME],"Sahakara Nagar, Bengaluru",Bengaluru,ME,0,0,0,0,0,0,0,0,0,0,0,0,0,0,0,0,0,0,0,0,0,0,0,0,0,0,0,0,0,0,0,0,0,0,0,0,0,0,0,0,0
204,E028,Tontadarya College of Engineering  Gadag,Tontadarya College of Engineering  Gadag [E028],Mechanical Engineering,Mechanical Engineering [ME],"Kalyan Nagar, Gadag",Gadag,ME,0,0,0,0,0,0,0,0,0,0,0,0,0,0,0,0,0,0,0,0,0,0,0,0,0,0,0,0,0,0,0,0,0,0,0,0,0,0,0,0,0
207,E029,Maratha Mandal Engineering College  Belgaum,Maratha Mandal Engineering College  Belgaum [E029],Mechanical Engineering,Mechanical Engineering [ME],"Halbhavi Camp, Belgaum",Belgaum,ME,0,0,0,0,0,0,0,0,0,0,0,0,0,0,0,0,0,0,0,0,0,0,0,0,0,0,0,0,0,0,0,0,0,0,0,0,0,0,0,0,0
732,E119,"K C T Engineering College  Roza(B),Gulbarga","K C T Engineering College  Roza(B),Gulbarga [E119]",Civil Engineering,Civil Engineering [CE],"Roza,Gulbarga",Gulbarga,CE,0,0,0,0,0,0,0,0,0,0,0,0,0,0,0,0,0,0,0,0,0,0,0,0,0,0,0,0,0,0,0,0,0,0,0,0,0,0,0,0,0
735,E119,"K C T Engineering College  Roza(B),Gulbarga","K C T Engineering College  Roza(B),Gulbarga [E119]",Mechanical Engineering,Mechanical Engineering [ME],"Roza,Gulbarga",Gulbarga,ME,0,0,0,0,0,0,0,0,0,0,0,0,0,0,0,0,0,0,0,0,0,0,0,0,0,0,0,0,0,0,0,0,0,0,0,0,0,0,0,0,0
736,E120,Jnanavikasa Institute of Technology  Ramanagar-Dist,Jnanavikasa Institute of Technology  Ramanagar-Dist [E120],Civil Engineering,Civil Engineering [CE],Ramanagara,Ramanagara,CE,0,0,0,0,0,0,0,0,0,0,0,0,0,0,0,0,0,0,0,0,0,0,0,0,0,0,0,0,0,0,0,0,0,0,0,0,0,0,0,0,0
740,E120,Jnanavikasa Institute of Technology  Ramanagar-Dist,Jnanavikasa Institute of Technology  Ramanagar-Dist [E120],Mechanical Engineering,Mechanical Engineering [ME],Ramanagara,Ramanagara,ME,0,0,0,0,0,0,0,0,0,0,0,0,0,0,0,0,0,0,0,0,0,0,0,0,0,0,0,0,0,0,0,0,0,0,0,0,0,0,0,0,0
188,E023,P E S College of Engineering  Mandya,P E S College of Engineering  Mandya [E023],Automobile  Engineering,Automobile  Engineering [AU],"PES Engineering College Rd, Mandya",Mandya,AU,0,0,0,0,0,0,0,0,0,0,0,0,0,0,0,0,0,0,0,0,0,0,0,0,0,0,0,0,0,0,0,0,0,0,0,0,0,0,0,0,0
192,E023,P E S College of Engineering  Mandya,P E S College of Engineering  Mandya [E023],Industrial and Production Engineering,Industrial and Production Engineering [IP],"PES Engineering College Rd, Mandya",Mandya,IP,0,0,0,0,0,0,0,0,0,0,0,0,0,0,0,0,0,0,0,0,0,0,0,0,0,0,0,0,0,0,0,0,0,0,0,0,0,0,0,0,0
527,E090,Sri Revana Siddeswara Institute of Technology  Bangalore North,Sri Revana Siddeswara Institute of Technology  Bangalore North [E090],Civil Engineering,Civil Engineering [CE],"Chikkajala,Bengaluru",Bengaluru,CE,0,0,0,0,0,0,0,0,0,0,0,0,0,0,0,0,0,0,0,0,0,0,0,0,0,0,0,0,0,0,0,0,0,0,0,0,0,0,0,0,0
530,E090,Sri Revana Siddeswara Institute of Technology  Bangalore North,Sri Revana Siddeswara Institute of Technology  Bangalore North [E090],Mechanical Engineering,Mechanical Engineering [ME],"Chikkajala,Bengaluru",Bengaluru,ME,0,0,0,0,0,0,0,0,0,0,0,0,0,0,0,0,0,0,0,0,0,0,0,0,0,0,0,0,0,0,0,0,0,0,0,0,0,0,0,0,0
976,E164,"Government Engineering College  Huvina Hadagali,Bellary Dist.","Government Engineering College  Huvina Hadagali,Bellary Dist. [E164]",Mechanical Engineering,Mechanical Engineering [ME],Bellary,Bellary,ME,0,0,0,0,0,0,0,0,0,0,0,0,0,0,0,0,0,0,0,0,0,0,0,0,0,0,0,0,0,0,0,0,0,0,0,0,0,0,0,0,0
983,E165,"Yenepoya Institute of Technology  Thodar,Moodbidri","Yenepoya Institute of Technology  Thodar,Moodbidri [E165]",Mechanical Engineering,Mechanical Engineering [ME],"Thodar, Moodbidri, Dakshina Kannada",Dakshina Kannada,ME,0,0,0,0,0,0,0,0,0,0,0,0,0,0,0,0,0,0,0,0,0,0,0,0,0,0,0,0,0,0,0,0,0,0,0,0,0,0,0,0,0
993,E167,"K L E Ss K L E College of Engineering and Technology  Chikkodi, Belgaum Dist.","K L E Ss K L E College of Engineering and Technology  Chikkodi, Belgaum Dist. [E167]",Mechanical Engineering,Mechanical Engineering [ME],"Chikkodi, Belgaum",Belgaum,ME,0,0,0,0,0,0,0,0,0,0,0,0,0,0,0,0,0,0,0,0,0,0,0,0,0,0,0,0,0,0,0,0,0,0,0,0,0,0,0,0,0
539,E092,Vemana Institute of Technology  Bangalore,Vemana Institute of Technology  Bangalore [E092],Civil Engineering,Civil Engineering [CE],"Koramangala, Bengaluru",Bengaluru,CE,0,0,0,0,0,0,0,0,0,0,0,0,0,0,0,0,0,0,0,0,0,0,0,0,0,0,0,0,0,0,0,0,0,0,0,0,0,0,0,0,0
1452,E300,"AKASH INTITUTE OF ENGINEERING AND TECHNOLOGY  KASABA HOBLI, BANGALORE RURAL","AKASH INTITUTE OF ENGINEERING AND TECHNOLOGY  KASABA HOBLI, BANGALORE RURAL [E300]",Mechanical Engineering,Mechanical Engineering [ME],Bengaluru Rural,Bengaluru Rural,ME,0,0,0,0,0,0,0,0,0,0,0,0,0,0,0,0,0,0,0,0,0,0,0,0,0,0,0,0,0,0,0,0,0,0,0,0,0,0,0,0,0
1154,E202,Sampoorna Institute of Technology and Research  Ramanagara (D),Sampoorna Institute of Technology and Research  Ramanagara (D) [E202],Civil Engineering,Civil Engineering [CE],Ramanagara,Ramanagara,CE,0,0,0,0,0,0,0,0,0,0,0,0,0,0,0,0,0,0,0,0,0,0,0,0,0,0,0,0,0,0,0,0,0,0,0,0,0,0,0,0,0
1157,E202,Sampoorna Institute of Technology and Research  Ramanagara (D),Sampoorna Institute of Technology and Research  Ramanagara (D) [E202],Electrical And Electronics Engineering,Electrical And Electronics Engineering [EE],Ramanagara,Ramanagara,EE,0,0,0,0,0,0,0,0,0,0,0,0,0,0,0,0,0,0,0,0,0,0,0,0,0,0,0,0,0,0,0,0,0,0,0,0,0,0,0,0,0
1158,E202,Sampoorna Institute of Technology and Research  Ramanagara (D),Sampoorna Institute of Technology and Research  Ramanagara (D) [E202],Mechanical Engineering,Mechanical Engineering [ME],Ramanagara,Ramanagara,ME,0,0,0,0,0,0,0,0,0,0,0,0,0,0,0,0,0,0,0,0,0,0,0,0,0,0,0,0,0,0,0,0,0,0,0,0,0,0,0,0,0
1161,E203,"K.S. School of Engineering And Management  Mallasandra, Bangalore","K.S. School of Engineering And Management  Mallasandra, Bangalore [E203]",Civil Engineering,Civil Engineering [CE],"Mallasandra,Bengaluru",Bengaluru,CE,0,0,0,0,0,0,0,0,0,0,0,0,0,0,0,0,0,0,0,0,0,0,0,0,0,0,0,0,0,0,0,0,0,0,0,0,0,0,0,0,0
1248,E222,"Cambridge Institutute of Technology-North Campus  Devanahalli(TQ),Bangalore(R)","Cambridge Institutute of Technology-North Campus  Devanahalli(TQ),Bangalore(R) [E222]",Mechanical Engineering,Mechanical Engineering [ME],"Devanahalli,Bengaluru",Bengaluru,ME,0,0,0,0,0,0,0,0,0,0,0,0,0,0,0,0,0,0,0,0,0,0,0,0,0,0,0,0,0,0,0,0,0,0,0,0,0,0,0,0,0
1250,E227,Cauvery Institute of Technology  Mandya tq,Cauvery Institute of Technology  Mandya tq [E227],Civil Engineering,Civil Engineering [CE],Mandya,Mandya,CE,0,0,0,0,0,0,0,0,0,0,0,0,0,0,0,0,0,0,0,0,0,0,0,0,0,0,0,0,0,0,0,0,0,0,0,0,0,0,0,0,0
1253,E227,Cauvery Institute of Technology  Mandya tq,Cauvery Institute of Technology  Mandya tq [E227],Mechanical Engineering,Mechanical Engineering [ME],Mandya,Mandya,ME,0,0,0,0,0,0,0,0,0,0,0,0,0,0,0,0,0,0,0,0,0,0,0,0,0,0,0,0,0,0,0,0,0,0,0,0,0,0,0,0,0
